{"web":{"auth_uri":"https://accounts.google.com/o/oauth2/auth","client_secret":"OyXk_0kywGYzwpwZOeES3I2F","token_uri":"https://accounts.google.com/o/oauth2/token","client_email":"481882719120-p1e2vrj38mg1hsecjr51c988ecr9je1b@developer.gserviceaccount.com","redirect_uris":["http://localhost:8080/"],"client_x509_cert_url":"https://www.googleapis.com/robot/v1/metadata/x509/481882719120-p1e2vrj38mg1hsecjr51c988ecr9je1b@developer.gserviceaccount.com","client_id":"481882719120-p1e2vrj38mg1hsecjr51c988ecr9je1b.apps.googleusercontent.com","auth_provider_x509_cert_url":"https://www.googleapis.com/oauth2/v1/certs","javascript_origins":["http://localhost:8080/"]}}